Movie_ID,Title,Genre,Release_Year,Director,Runtime_Minutes,Rating,Votes,Revenue_Million,Language,Country,Budget_Million
M0642,Burning Future,Animation,2000,David Miller,80,7.3,72461,74.52,Hindi,India,21.22
M0225,City Empire,Animation,2000,Hans Weber,103,7.8,33423,201.72,English,Canada,70.55
M0447,City Horizon,Comedy,2000,David Miller,105,7.2,354697,75.77,English,USA,41.85
M0175,City War,Romance,2000,James Carter,95,6.1,165315,122.68,Hindi,India,22.01
M0560,Crimson Moon,Action,2000,Vikram Kapoor,149,6.9,21023,22.49,Hindi,India,6.9
M0088,Crimson Revenge,Fantasy,2000,Rohan Mehta,131,7.5,229800,6.98,English,Australia,5.25
M0490,Dark Promise,Action,2000,David Miller,128,8.0,33468,58.34,English,Australia,30.38
M0495,Fallen Hearts,Animation,2000,Pierre Laurent,117,7.8,29127,24.28,Japanese,Japan,11.08
M0244,Final Story,Drama,2000,David Miller,125,7.5,78473,8.78,English,UK,5.93
M0639,Forgotten Night,Sci-Fi,2000,Liam Walker,112,6.9,52945,27.04,Hindi,India,19.48
M0258,Golden Road,Animation,2000,Andrew Clark,128,7.0,18335,7.83,Spanish,USA,7.46
M0299,Golden Truth,Action,2000,Kenji Tanaka,104,7.5,91210,13.25,English,Canada,11.8
M0216,Hidden Stars,Horror,2000,Daniel Brooks,99,6.1,43597,48.68,English,Canada,78.81
M0399,Hidden Storm,Crime,2000,Lucas Brown,112,6.0,8000,74.14,English,Australia,39.09
M0123,Last Signal,Drama,2000,Mia Anderson,153,7.5,140419,11.23,English,Australia,3.96
M0438,Lost Road,Horror,2000,Yuna Kim,75,6.5,50885,119.91,English,Australia,41.76
M0578,Lost Signal,Adventure,2000,Vikram Kapoor,119,8.1,132952,77.05,Hindi,India,11.16
M0569,Midnight Destiny,Adventure,2000,John Wilson,114,6.4,153898,211.43,German,Germany,31.04
M0048,Midnight Legacy,Drama,2000,John Wilson,131,6.1,48455,14.27,Hindi,India,15.82
M0588,Parallel Gate,Thriller,2000,Daniel Brooks,113,6.9,150071,285.86,Korean,South Korea,62.64
M0291,Parallel Moon,Fantasy,2000,Sofia Bennett,120,6.3,46137,44.24,English,Australia,31.46
M0141,Silent Mission,Fantasy,2000,James Carter,155,6.4,88240,68.05,Spanish,USA,42.0
M0182,Silent World,Comedy,2000,Arjun Malhotra,114,6.9,85471,264.07,English,UK,36.15
M0245,Summer Memory,Action,2000,Daniel Brooks,138,7.6,179735,35.85,English,UK,32.89
M0147,Wild Stars,Drama,2000,James Carter,105,9.0,45487,23.84,English,Australia,8.62
M0284,Wild Story,Action,2000,James Carter,114,6.3,101253,36.91,English,Canada,10.7
M0068,American Storm,Horror,2001,Arjun Malhotra,112,5.6,534101,72.42,Korean,South Korea,52.01
M0070,Beyond Journey,Animation,2001,Aarav Sharma,75,7.3,10114,10.5,English,Canada,11.39
M0446,Broken Dream,Mystery,2001,John Wilson,100,6.7,14653,109.76,Hindi,India,34.58
M0193,Crimson Horizon,Adventure,2001,Pierre Laurent,138,7.3,60354,108.9,English,USA,55.92
M0269,Echo Dream,Romance,2001,Rohan Mehta,98,7.0,8000,177.49,English,Canada,41.7
M0254,Echo Escape,Drama,2001,John Wilson,116,8.3,23420,55.46,Korean,South Korea,26.6
M0375,Echo House,Comedy,2001,Vikram Kapoor,91,6.5,38908,114.24,Spanish,France,27.03
M0575,Echo Stars,Sci-Fi,2001,Lucas Brown,163,6.1,8000,155.4,English,UK,46.49
M0170,Electric Storm,Action,2001,Aarav Sharma,124,7.3,174224,17.26,English,Canada,10.42
M0517,Forgotten Future,Mystery,2001,Aarav Sharma,140,6.8,49840,20.89,English,UK,10.24
M0582,Forgotten Horizon,Animation,2001,Yuna Kim,93,6.6,114733,94.11,English,USA,25.52
M0585,Forgotten Journey,Mystery,2001,Robert Hayes,106,7.7,56574,64.11,English,USA,8.33
M0627,Forgotten Story,Romance,2001,Hans Weber,79,5.9,145257,25.37,English,Canada,9.52
M0502,Golden Hearts,Adventure,2001,Liam Walker,118,6.4,21550,55.48,English,USA,50.19
M0113,Golden Horizon,Mystery,2001,Mia Anderson,118,6.9,194114,14.32,Hindi,India,17.43
M0327,Golden War,Romance,2001,David Miller,114,7.4,188110,23.1,English,USA,12.04
M0099,Hidden Memory,Action,2001,Liam Walker,130,6.2,44426,5.85,English,Australia,6.07
M0628,Infinite Revenge,Thriller,2001,Lucas Brown,151,6.8,15095,189.33,English,USA,58.94
M0312,Midnight Fire,Mystery,2001,Mia Anderson,142,7.0,55565,76.6,English,USA,17.65
M0320,Midnight Signal,Horror,2001,David Miller,99,6.6,28336,85.07,Korean,South Korea,35.82
M0524,Northern Kingdom,Horror,2001,Vikram Kapoor,104,6.1,8000,267.89,English,Australia,89.99
M0224,Ocean Kingdom,Sci-Fi,2001,James Carter,130,7.5,41117,12.24,English,Canada,5.71
M0276,Parallel Destiny,Mystery,2001,William Scott,128,7.6,77161,55.75,Korean,South Korea,9.94
M0464,Secret Mission,Crime,2001,Liam Walker,118,6.9,12526,18.5,English,UK,17.94
M0119,Shadow Gate,Sci-Fi,2001,Neha Verma,129,6.9,135457,13.61,Hindi,India,16.43
M0520,Silent Promise,Sci-Fi,2001,David Miller,122,7.1,33821,128.53,French,France,29.19
M0361,Summer Story,Adventure,2001,Aarav Sharma,152,5.3,17259,86.77,German,Germany,59.35
M0072,Winter Dream,Action,2001,John Wilson,126,5.9,42903,77.82,Hindi,India,37.33
M0636,Winter Night,Thriller,2001,William Scott,114,7.8,8000,31.68,English,Australia,41.92
M0008,American Future,Sci-Fi,2002,Robert Hayes,153,8.9,41670,69.47,Spanish,USA,15.41
M0590,American Truth,Action,2002,Vikram Kapoor,149,7.8,27341,38.21,English,USA,10.6
M0648,Broken Mission,Drama,2002,Yuna Kim,90,7.5,117645,88.04,English,Canada,30.14
M0444,Broken Night,Animation,2002,Olivia Parker,121,7.2,19925,255.08,English,UK,62.03
M0133,Broken Valley,Fantasy,2002,William Scott,161,7.4,56224,41.11,English,UK,8.27
M0315,Burning Memory,Thriller,2002,William Scott,102,7.1,109471,156.09,Hindi,India,69.08
M0455,City Legacy,Comedy,2002,Arjun Malhotra,93,6.3,11373,58.96,Korean,South Korea,28.31
M0598,City Stars,Crime,2002,Daniel Brooks,91,8.6,234173,129.91,English,USA,71.63
M0369,Crimson Fire,Sci-Fi,2002,Thomas Martin,157,6.7,177989,7.94,English,Canada,5.29
M0523,Dark Horizon,Drama,2002,Robert Hayes,126,7.2,272646,2.55,French,France,3.85
M0626,Echo Horizon,Comedy,2002,Hans Weber,111,6.2,134721,9.89,English,Australia,5.13
M0649,Electric Gate,Thriller,2002,Liam Walker,159,6.6,197267,6.25,English,UK,6.87
M0045,Fallen Empire,Horror,2002,Vikram Kapoor,82,6.1,54838,62.48,English,Canada,21.18
M0042,Forgotten Hearts,Romance,2002,Andrew Clark,113,5.2,56652,303.81,Japanese,Japan,152.7
M0177,Forgotten Legacy,Romance,2002,Yuna Kim,133,6.6,18855,106.66,English,Australia,50.64
M0082,Golden Revenge,Action,2002,Christopher Lee,145,6.9,38896,33.61,Spanish,France,20.7
M0613,Hidden Hearts,Comedy,2002,Thomas Martin,99,7.0,187820,27.4,English,USA,10.49
M0492,Hidden House,Crime,2002,Vikram Kapoor,139,7.5,27831,78.3,English,Australia,13.12
M0465,Hidden Truth,Thriller,2002,Vikram Kapoor,130,5.9,28793,19.92,English,USA,15.16
M0469,Last Future,Crime,2002,Pierre Laurent,105,7.5,265506,19.3,English,Australia,19.02
M0089,Ocean Memory,Animation,2002,Pierre Laurent,118,8.6,161519,66.55,English,UK,31.7
M0307,Parallel Mission,Action,2002,Liam Walker,102,7.0,44548,10.51,French,Canada,12.22
M0510,Rising Future,Drama,2002,Neha Verma,131,7.5,29473,36.87,English,USA,17.68
M0302,Rising Gate,Crime,2002,Andrew Clark,119,8.5,15649,5.18,English,USA,2.67
M0548,Secret Code,Sci-Fi,2002,David Miller,133,7.2,40063,124.97,English,UK,42.39
M0629,Secret Horizon,Horror,2002,Olivia Parker,112,6.0,16703,42.5,French,France,40.04
M0514,Secret House,Mystery,2002,Neha Verma,129,8.3,331775,574.06,Hindi,India,39.7
M0120,Shadow Stars,Action,2002,Robert Hayes,115,6.8,32528,14.79,English,UK,23.07
M0618,Winter Code,Thriller,2002,Kenji Tanaka,90,6.8,16979,58.88,Hindi,India,29.18
M0491,American Night,Sci-Fi,2003,Kenji Tanaka,131,6.0,58509,116.43,English,USA,22.83
M0531,American World,Animation,2003,David Miller,106,7.5,40392,654.85,French,France,88.19
M0499,Beyond Game,Horror,2003,Emma Collins,96,7.1,69923,24.05,Korean,South Korea,23.41
M0356,Broken Truth,Drama,2003,Arjun Malhotra,120,7.6,53572,151.46,Spanish,USA,31.01
M0352,Burning Road,Animation,2003,Lucas Brown,122,7.3,96191,40.42,French,Canada,20.78
M0026,City Journey,Comedy,2003,David Miller,124,6.3,127576,38.22,English,USA,27.49
M0480,Crimson War,Romance,2003,Hans Weber,87,6.6,95375,11.96,Hindi,India,3.88
M0363,Dark House,Animation,2003,Mia Anderson,100,7.3,27720,138.65,Korean,South Korea,57.15
M0243,Electric Escape,Drama,2003,Mia Anderson,146,6.9,18288,62.75,English,UK,26.03
M0487,Fallen Horizon,Thriller,2003,James Carter,108,7.2,71228,145.82,Korean,South Korea,31.37
M0073,Fallen Kingdom,Thriller,2003,Sofia Bennett,117,5.3,141892,11.11,German,Germany,18.13
M0057,Forgotten Revenge,Romance,2003,Vikram Kapoor,94,6.2,34278,134.29,Korean,South Korea,13.79
M0393,Forgotten Truth,Crime,2003,Andrew Clark,156,8.7,262938,72.2,English,Canada,24.53
M0127,Hidden Legacy,Mystery,2003,Neha Verma,113,9.0,43614,168.2,English,USA,127.51
M0332,Lost Fire,Sci-Fi,2003,Liam Walker,136,6.6,92291,138.18,English,USA,42.42
M0640,Lost Journey,Action,2003,Rohan Mehta,108,7.7,246212,70.66,English,UK,28.94
M0065,Lost Mission,Action,2003,Olivia Parker,110,5.8,8019,14.26,English,USA,7.95
M0594,Lost Moon,Crime,2003,James Carter,113,8.1,15613,117.76,English,Canada,52.29
M0378,Northern Code,Romance,2003,Olivia Parker,114,7.1,20766,152.9,French,Canada,38.1
M0436,Northern World,Mystery,2003,James Carter,111,8.9,210847,106.29,Spanish,France,36.38
M0426,Ocean Empire,Mystery,2003,Robert Hayes,93,7.2,36361,613.37,Spanish,France,20.89
M0092,Parallel Empire,Drama,2003,Robert Hayes,135,7.2,45407,10.75,Korean,South Korea,12.12
M0003,Secret Hearts,Action,2003,Yuna Kim,126,8.0,15781,42.21,English,USA,12.88
M0395,Shadow Escape,Comedy,2003,Liam Walker,83,6.6,13918,26.49,French,Canada,18.47
M0268,Silent Gate,Adventure,2003,William Scott,135,6.6,37484,31.76,Hindi,India,21.8
M0373,Silent Story,Sci-Fi,2003,Rohan Mehta,127,6.7,9019,23.05,Hindi,India,13.08
M0272,Silver Moon,Romance,2003,Thomas Martin,114,7.3,66198,8.48,English,USA,9.29
M0430,Summer Valley,Comedy,2003,Hans Weber,115,6.4,8000,24.66,French,France,14.37
M0069,Wild Signal,Drama,2003,Sofia Bennett,135,7.5,51783,47.99,English,Canada,26.58
M0577,Winter Valley,Horror,2003,Kenji Tanaka,95,7.0,104423,41.34,English,UK,18.58
M0153,Beyond Horizon,Comedy,2004,James Carter,107,7.6,8256,13.59,English,Australia,8.46
M0039,Beyond Revenge,Adventure,2004,Daniel Brooks,141,6.8,143829,166.74,English,UK,40.09
M0102,Broken Game,Action,2004,David Miller,126,6.4,172473,76.04,Spanish,USA,38.21
M0155,City Fire,Horror,2004,Sofia Bennett,86,7.2,207916,73.04,Spanish,France,65.44
M0101,City Future,Crime,2004,John Wilson,144,7.9,143705,54.81,English,Canada,44.66
M0453,Crimson Code,Thriller,2004,Michael Stone,97,6.6,36928,122.27,Korean,South Korea,79.77
M0441,Crimson Empire,Action,2004,Rohan Mehta,110,6.4,153948,14.12,English,Australia,24.31
M0172,Dark Code,Romance,2004,Neha Verma,75,5.7,44769,14.43,Hindi,India,25.76
M0532,Dark Night,Action,2004,Michael Stone,114,7.4,28079,42.93,English,USA,31.21
M0121,Electric Truth,Crime,2004,David Miller,123,6.6,220448,88.81,English,Canada,12.39
M0157,Fallen Journey,Action,2004,Pierre Laurent,155,6.9,337663,163.82,German,Germany,42.1
M0489,Final Revenge,Comedy,2004,Rohan Mehta,89,6.2,120371,61.75,English,USA,13.23
M0555,Hidden Game,Animation,2004,Vikram Kapoor,97,7.4,8000,23.34,Korean,South Korea,39.93
M0603,Infinite Dream,Thriller,2004,Aarav Sharma,138,7.0,62655,51.18,English,Australia,28.55
M0122,Lost Legacy,Action,2004,Kenji Tanaka,120,6.8,400927,45.56,English,UK,19.26
M0220,Northern Stars,Drama,2004,Vikram Kapoor,134,8.2,8000,47.7,Hindi,India,22.62
M0326,Ocean Legacy,Animation,2004,Hans Weber,85,7.9,224973,20.11,Hindi,India,11.04
M0425,Parallel Signal,Sci-Fi,2004,Emma Collins,112,6.6,20800,33.43,French,Canada,22.04
M0503,Rising Road,Comedy,2004,Lucas Brown,108,7.9,46152,10.93,English,USA,5.96
M0181,Silent Empire,Adventure,2004,Yuna Kim,149,7.7,196886,28.85,Korean,South Korea,12.48
M0251,Silent Stars,Mystery,2004,Daniel Brooks,119,7.9,93150,12.42,English,USA,20.51
M0056,Silver Promise,Drama,2004,Lucas Brown,113,8.3,399823,27.45,Hindi,India,39.67
M0179,Silver War,Mystery,2004,Arjun Malhotra,83,6.8,153018,61.75,Hindi,India,26.8
M0142,Summer House,Drama,2004,Michael Stone,139,7.0,8156,119.87,English,Australia,32.52
M0329,Wild Hearts,Action,2004,Emma Collins,106,7.1,46527,41.92,German,Germany,12.89
M0496,Beyond Valley,Sci-Fi,2005,Hans Weber,132,7.1,159280,253.92,Korean,South Korea,47.02
M0304,City Road,Drama,2005,Robert Hayes,79,8.2,52766,25.06,French,Canada,10.43
M0482,Dark War,Horror,2005,Kenji Tanaka,87,7.0,28383,7.18,Spanish,France,19.36
M0178,Echo Journey,Action,2005,Lucas Brown,127,7.5,22166,77.14,English,UK,49.84
M0256,Final Future,Action,2005,James Carter,131,7.3,22553,286.85,English,Canada,16.82
M0573,Final Stars,Fantasy,2005,Yuna Kim,127,6.5,64783,26.22,Hindi,India,8.88
M0610,Golden Promise,Animation,2005,David Miller,98,6.6,150866,71.07,Korean,South Korea,19.35
M0035,Hidden Night,Horror,2005,Vikram Kapoor,86,7.8,36681,21.18,French,Canada,16.85
M0597,Infinite Memory,Horror,2005,Sofia Bennett,106,6.4,138362,69.96,English,UK,34.59
M0115,Midnight Moon,Sci-Fi,2005,Emma Collins,129,7.4,87413,14.0,Korean,South Korea,9.91
M0275,Midnight Story,Drama,2005,Thomas Martin,129,7.3,95580,34.4,Hindi,India,11.74
M0507,Northern Fire,Action,2005,William Scott,138,5.6,14861,71.43,English,UK,16.31
M0270,Ocean Destiny,Mystery,2005,James Carter,119,7.2,159908,87.44,Korean,South Korea,37.46
M0337,Ocean Night,Adventure,2005,Hans Weber,150,7.0,168504,36.39,Spanish,France,29.02
M0321,Parallel Code,Drama,2005,Mia Anderson,153,7.9,21283,91.83,English,Australia,37.83
M0004,Parallel Future,Drama,2005,Kenji Tanaka,107,6.8,63733,77.99,English,Australia,30.09
M0219,Parallel Memory,Drama,2005,Pierre Laurent,129,7.6,24686,41.69,English,UK,26.4
M0074,Rising Hearts,Animation,2005,Arjun Malhotra,110,6.5,110486,8.66,English,USA,7.28
M0165,Rising Journey,Animation,2005,Kenji Tanaka,142,8.7,57142,28.01,Japanese,Japan,31.75
M0564,Rising Stars,Action,2005,Arjun Malhotra,92,7.1,30783,72.99,English,Australia,7.78
M0617,Secret Promise,Drama,2005,Kenji Tanaka,122,8.0,82135,12.56,English,UK,13.7
M0521,Shadow Story,Mystery,2005,William Scott,88,6.4,175559,27.49,English,Australia,26.33
M0516,Shadow War,Romance,2005,Andrew Clark,117,6.4,159662,52.18,English,USA,20.12
M0204,Shadow World,Sci-Fi,2005,Arjun Malhotra,123,7.0,194099,19.97,Korean,South Korea,16.73
M0273,Silver Valley,Fantasy,2005,Michael Stone,164,6.5,46964,89.25,Spanish,France,36.96
M0103,Summer Truth,Action,2005,Pierre Laurent,118,7.9,67360,121.75,English,Australia,32.88
M0397,Crimson Dream,Crime,2006,Pierre Laurent,113,7.7,22554,8.73,English,Australia,5.17
M0456,Echo Empire,Animation,2006,Michael Stone,75,7.1,201785,5.76,Korean,South Korea,11.27
M0294,Fallen Dream,Action,2006,Liam Walker,107,7.3,121090,12.1,Hindi,India,11.89
M0049,Fallen Gate,Adventure,2006,Hans Weber,136,7.8,68482,8.58,Spanish,France,3.37
M0620,Fallen Storm,Action,2006,Andrew Clark,114,5.2,11312,105.19,English,UK,30.82
M0110,Final Mission,Comedy,2006,Mia Anderson,94,6.0,73745,70.01,English,Australia,14.69
M0568,Forgotten Dream,Crime,2006,David Miller,155,6.8,37606,172.42,Japanese,Japan,44.12
M0382,Golden Future,Horror,2006,Christopher Lee,103,7.2,75731,68.78,Korean,South Korea,17.69
M0287,Hidden Destiny,Comedy,2006,Thomas Martin,115,5.7,88962,7.76,German,Germany,6.92
M0476,Infinite Future,Romance,2006,Emma Collins,121,7.2,378329,53.7,English,USA,30.4
M0387,Infinite Horizon,Romance,2006,Olivia Parker,111,6.4,18678,133.28,English,UK,24.49
M0431,Infinite Moon,Mystery,2006,Robert Hayes,131,5.4,247150,42.57,English,UK,26.66
M0498,Infinite Storm,Thriller,2006,Robert Hayes,109,6.8,155375,67.74,Hindi,India,47.08
M0466,Last Journey,Romance,2006,Sofia Bennett,93,6.9,24239,23.89,English,UK,17.92
M0472,Lost Hearts,Sci-Fi,2006,Emma Collins,124,7.4,45951,32.01,English,Canada,26.46
M0385,Shadow Future,Fantasy,2006,Robert Hayes,151,7.1,20273,82.61,Hindi,India,58.85
M0197,Shadow Truth,Thriller,2006,James Carter,91,6.3,58761,66.84,English,UK,19.41
M0075,Silent Escape,Horror,2006,Neha Verma,114,6.4,92490,125.8,English,USA,16.97
M0484,Silent War,Action,2006,Aarav Sharma,150,6.5,22339,10.06,Korean,South Korea,11.9
M0114,Wild Memory,Fantasy,2006,Michael Stone,156,7.1,77229,312.1,Japanese,Japan,136.14
M0370,American Gate,Action,2007,Thomas Martin,135,7.8,589780,35.03,Hindi,India,16.02
M0213,Crimson Road,Action,2007,Michael Stone,128,6.9,64197,47.93,Korean,South Korea,71.78
M0488,Echo Code,Animation,2007,Emma Collins,103,7.0,73446,97.83,Hindi,India,20.52
M0235,Electric Memory,Thriller,2007,Hans Weber,134,7.3,24296,22.89,English,UK,8.91
M0420,Fallen War,Action,2007,Yuna Kim,110,6.9,13631,26.7,French,France,16.89
M0240,Golden Kingdom,Romance,2007,Emma Collins,134,6.2,19135,17.24,English,Canada,8.1
M0124,Golden Signal,Thriller,2007,Lucas Brown,130,8.1,33315,47.4,Hindi,India,39.79
M0527,Last Moon,Crime,2007,Andrew Clark,125,7.0,29287,29.37,Korean,South Korea,25.74
M0028,Lost Future,Adventure,2007,Robert Hayes,132,7.7,279695,211.65,Korean,South Korea,61.09
M0553,Lost Memory,Drama,2007,Aarav Sharma,135,7.7,62615,120.99,Spanish,France,42.78
M0318,Midnight Mission,Thriller,2007,Liam Walker,113,7.9,199643,93.31,Spanish,France,38.37
M0508,Northern Destiny,Crime,2007,Sofia Bennett,138,6.8,139631,28.55,English,UK,6.84
M0494,Ocean Storm,Thriller,2007,John Wilson,145,4.8,15486,53.2,German,Germany,12.67
M0085,Ocean Valley,Sci-Fi,2007,Thomas Martin,138,7.9,63880,11.91,English,Canada,14.63
M0546,Ocean War,Horror,2007,Lucas Brown,86,6.3,9904,58.8,Hindi,India,46.29
M0144,Parallel Journey,Adventure,2007,Robert Hayes,157,6.4,74323,23.83,Hindi,India,13.4
M0567,Parallel Storm,Thriller,2007,Andrew Clark,157,8.1,191964,134.6,Korean,South Korea,21.12
M0506,Secret Valley,Comedy,2007,Daniel Brooks,101,8.0,68467,276.86,French,Canada,64.71
M0557,Shadow House,Drama,2007,David Miller,126,7.6,79307,6.3,English,USA,5.63
M0091,Shadow Night,Sci-Fi,2007,Yuna Kim,136,7.6,49478,74.18,English,USA,22.87
M0218,Silver Kingdom,Thriller,2007,Lucas Brown,105,6.3,590023,29.68,English,UK,15.62
M0237,Summer Dream,Romance,2007,John Wilson,83,6.7,54583,112.32,Korean,South Korea,45.57
M0308,Summer World,Action,2007,James Carter,136,6.9,63469,6.07,English,UK,6.91
M0279,Beyond Memory,Drama,2008,Hans Weber,126,7.4,16966,35.5,English,USA,11.31
M0314,Burning Empire,Crime,2008,Thomas Martin,98,7.2,30047,66.54,English,UK,15.75
M0263,Crimson Signal,Romance,2008,Pierre Laurent,144,7.5,8000,66.3,English,Canada,54.51
M0497,Crimson Stars,Action,2008,Robert Hayes,122,7.0,42766,80.43,English,UK,42.5
M0493,Dark Empire,Romance,2008,Thomas Martin,97,7.6,1591980,34.26,English,Australia,13.64
M0009,Dark Hearts,Action,2008,Arjun Malhotra,123,6.6,19034,141.5,Hindi,India,45.89
M0459,Fallen Truth,Drama,2008,Olivia Parker,111,7.7,622787,21.24,English,Canada,45.17
M0623,Final Journey,Crime,2008,Sofia Bennett,135,7.4,94733,1103.45,English,Canada,187.21
M0583,Hidden Gate,Comedy,2008,William Scott,78,5.9,18300,21.23,French,Canada,19.74
M0473,Infinite Destiny,Thriller,2008,Pierre Laurent,145,7.9,39362,127.48,Hindi,India,73.09
M0587,Infinite Night,Crime,2008,Christopher Lee,116,6.9,163754,63.03,English,USA,33.16
M0650,Lost Storm,Crime,2008,Olivia Parker,143,6.6,50589,21.54,English,Canada,17.24
M0413,Northern Escape,Adventure,2008,John Wilson,135,7.9,170728,93.81,English,USA,34.56
M0252,Ocean Horizon,Animation,2008,James Carter,117,7.1,8000,50.6,Hindi,India,12.24
M0257,Parallel Kingdom,Romance,2008,James Carter,104,6.7,118947,92.73,English,Canada,24.84
M0259,Parallel Valley,Comedy,2008,Mia Anderson,81,6.8,23080,19.72,English,Canada,28.43
M0105,Secret Stars,Horror,2008,Rohan Mehta,99,6.5,208710,232.96,English,USA,35.52
M0041,Shadow Empire,Thriller,2008,Rohan Mehta,141,7.4,45305,155.16,English,UK,41.11
M0171,Shadow Hearts,Comedy,2008,Thomas Martin,133,6.6,284727,79.89,English,Australia,62.53
M0064,Silent Fire,Action,2008,Olivia Parker,132,7.3,73420,79.54,English,USA,16.84
M0140,Silver Escape,Drama,2008,Rohan Mehta,130,8.4,27345,69.7,Korean,South Korea,40.13
M0266,Silver Future,Horror,2008,Olivia Parker,113,7.4,275724,62.12,English,USA,18.33
M0411,Wild Revenge,Crime,2008,Christopher Lee,154,7.1,26843,25.39,Hindi,India,12.8
M0010,American Journey,Drama,2009,Emma Collins,139,7.3,29423,263.11,English,USA,51.68
M0458,American Memory,Thriller,2009,John Wilson,128,6.7,21474,421.4,Hindi,India,204.87
M0390,Beyond Legacy,Action,2009,James Carter,128,5.9,9644,61.98,German,Germany,24.96
M0483,Broken Fire,Mystery,2009,Yuna Kim,129,7.1,106922,149.7,English,USA,77.86
M0403,Broken Horizon,Comedy,2009,James Carter,91,6.0,24284,172.74,English,USA,82.89
M0095,Crimson Storm,Animation,2009,David Miller,124,7.5,14032,83.53,English,USA,53.59
M0043,Dark Legacy,Sci-Fi,2009,Aarav Sharma,137,6.4,22647,78.56,English,UK,42.57
M0391,Echo Road,Comedy,2009,Lucas Brown,131,9.0,97476,94.51,Hindi,India,38.83
M0384,Fallen Destiny,Animation,2009,Pierre Laurent,130,7.5,34776,48.08,English,UK,26.21
M0419,Forgotten Game,Drama,2009,Christopher Lee,145,7.2,207840,26.29,English,UK,23.88
M0311,Golden Journey,Sci-Fi,2009,Arjun Malhotra,145,7.3,89399,30.87,Hindi,India,21.13
M0137,Golden Night,Action,2009,James Carter,151,7.8,106129,27.68,English,USA,38.01
M0138,Hidden Code,Drama,2009,Michael Stone,85,8.6,200390,115.48,English,Canada,32.31
M0432,Hidden Promise,Drama,2009,Rohan Mehta,98,8.3,492923,9.53,English,Australia,4.83
M0132,Midnight Stars,Action,2009,Neha Verma,131,7.2,55308,69.82,English,UK,32.06
M0372,Northern Moon,Mystery,2009,Emma Collins,145,7.1,39315,94.4,Hindi,India,14.4
M0187,Northern Road,Action,2009,Sofia Bennett,118,7.2,11268,183.53,Hindi,India,31.86
M0076,Northern Valley,Sci-Fi,2009,Arjun Malhotra,130,7.3,286422,34.72,English,Australia,19.78
M0211,Ocean Journey,Sci-Fi,2009,Thomas Martin,98,7.7,66593,97.85,English,UK,18.05
M0609,Ocean Story,Crime,2009,Yuna Kim,128,7.6,59087,53.03,Japanese,Japan,37.71
M0415,Parallel Story,Comedy,2009,Aarav Sharma,109,5.8,52043,22.83,English,Australia,26.68
M0538,Rising Legacy,Romance,2009,Aarav Sharma,115,6.9,36709,64.13,English,UK,26.18
M0605,Rising Revenge,Sci-Fi,2009,Pierre Laurent,148,7.4,145312,242.69,German,Germany,70.81
M0634,Secret Night,Fantasy,2009,Rohan Mehta,118,7.7,120004,984.15,German,Germany,125.61
M0437,Secret Revenge,Mystery,2009,Liam Walker,105,6.9,51805,28.77,Spanish,France,12.64
M0230,Wild Fire,Action,2009,Hans Weber,114,6.4,132778,33.94,Hindi,India,19.2
M0470,Wild House,Drama,2009,Robert Hayes,143,7.4,172587,50.07,English,USA,28.0
M0615,Winter Escape,Comedy,2009,Sofia Bennett,90,5.6,72240,97.91,English,USA,20.6
M0341,Broken Future,Comedy,2010,John Wilson,112,6.2,59158,43.47,English,UK,26.12
M0381,Broken Journey,Action,2010,Rohan Mehta,138,6.4,125364,39.47,English,USA,6.03
M0200,Burning Code,Thriller,2010,Christopher Lee,117,7.1,86332,22.2,English,Canada,11.42
M0589,City Escape,Action,2010,Vikram Kapoor,116,5.9,128193,12.18,English,Australia,6.33
M0353,City Storm,Crime,2010,Mia Anderson,124,6.7,234373,48.34,French,Canada,42.24
M0345,Crimson Future,Action,2010,Aarav Sharma,126,7.0,26450,22.32,Hindi,India,35.4
M0229,Crimson Game,Adventure,2010,John Wilson,133,6.7,43861,21.17,English,USA,17.07
M0306,Dark Truth,Comedy,2010,Liam Walker,96,6.3,32268,7.62,Hindi,India,9.12
M0334,Echo Kingdom,Horror,2010,Vikram Kapoor,136,6.4,40735,10.36,Hindi,India,6.91
M0145,Electric Game,Action,2010,Lucas Brown,103,7.3,381539,77.24,English,USA,23.8
M0600,Electric Stars,Drama,2010,Christopher Lee,120,8.3,103021,27.44,English,Canada,21.37
M0131,Hidden Future,Animation,2010,William Scott,111,7.2,90314,7.08,Korean,South Korea,2.96
M0012,Hidden Moon,Thriller,2010,David Miller,121,7.5,188722,123.43,Hindi,India,95.8
M0283,Hidden War,Sci-Fi,2010,Daniel Brooks,119,6.6,61845,25.04,English,Canada,17.51
M0267,Lost Empire,Drama,2010,Mia Anderson,146,7.7,191418,79.45,Hindi,India,19.0
M0152,Lost Story,Adventure,2010,Olivia Parker,124,6.4,41768,15.1,English,UK,8.5
M0192,Silent Game,Crime,2010,Rohan Mehta,116,8.0,129698,83.41,English,USA,63.31
M0457,Silent Night,Sci-Fi,2010,Pierre Laurent,135,6.3,9234,76.37,English,USA,42.61
M0475,Silent Revenge,Action,2010,David Miller,128,6.2,16452,151.8,English,UK,122.51
M0542,American House,Thriller,2011,Andrew Clark,128,7.2,343090,9.5,English,USA,5.9
M0125,American Signal,Sci-Fi,2011,Kenji Tanaka,104,7.1,31681,216.95,Hindi,India,58.58
M0203,American War,Romance,2011,Sofia Bennett,114,6.1,17476,61.75,Hindi,India,44.13
M0606,Beyond Fire,Thriller,2011,Lucas Brown,135,6.0,8483,32.32,English,Canada,20.25
M0058,Burning Moon,Adventure,2011,Yuna Kim,108,7.1,354498,243.41,Hindi,India,19.53
M0512,Burning Stars,Crime,2011,Vikram Kapoor,114,7.3,91695,40.05,Hindi,India,14.22
M0572,City Truth,Adventure,2011,Neha Verma,98,7.5,73282,120.52,English,UK,52.11
M0529,Crimson Hearts,Action,2011,Michael Stone,116,6.7,109946,24.79,English,USA,12.76
M0292,Dark Fire,Romance,2011,Kenji Tanaka,75,6.0,42020,79.87,English,Canada,32.39
M0050,Dark World,Comedy,2011,Michael Stone,89,6.4,39705,26.73,English,UK,34.3
M0139,Echo Storm,Action,2011,Kenji Tanaka,86,6.7,23728,50.84,French,France,23.12
M0519,Electric Road,Romance,2011,Hans Weber,100,7.1,124959,33.64,English,UK,28.37
M0331,Electric Signal,Crime,2011,Vikram Kapoor,147,8.0,30902,151.25,English,UK,89.77
M0096,Final Kingdom,Thriller,2011,Michael Stone,113,6.8,413079,36.16,Hindi,India,31.93
M0400,Forgotten Gate,Adventure,2011,Olivia Parker,136,8.0,44948,135.64,English,Canada,79.88
M0325,Forgotten House,Action,2011,Olivia Parker,115,6.5,150515,31.11,English,USA,12.74
M0156,Forgotten Valley,Drama,2011,Michael Stone,144,6.6,64842,15.65,Spanish,France,10.25
M0383,Golden Memory,Adventure,2011,Thomas Martin,138,7.9,22610,28.88,English,Canada,11.28
M0559,Hidden Valley,Drama,2011,Mia Anderson,144,8.6,8000,142.52,Spanish,USA,16.4
M0239,Midnight Truth,Animation,2011,Robert Hayes,132,7.3,30979,32.05,English,Australia,16.0
M0033,Ocean Mission,Romance,2011,Kenji Tanaka,75,6.4,10032,44.7,Hindi,India,34.3
M0017,Ocean Road,Drama,2011,David Miller,136,7.0,168262,326.74,English,Australia,75.76
M0545,Secret World,Mystery,2011,Liam Walker,112,7.6,97352,20.2,Hindi,India,7.61
M0340,Shadow Fire,Comedy,2011,Robert Hayes,100,6.2,66074,49.63,French,France,24.28
M0161,Shadow Legacy,Thriller,2011,David Miller,122,8.0,37060,69.97,Spanish,France,26.22
M0303,Shadow Signal,Fantasy,2011,William Scott,157,7.3,224394,132.08,English,Canada,99.58
M0081,Silent Journey,Adventure,2011,Emma Collins,143,6.2,21636,77.06,Spanish,France,27.29
M0015,Summer Future,Action,2011,Kenji Tanaka,127,7.0,174928,12.56,English,UK,16.88
M0166,Wild Escape,Mystery,2011,Thomas Martin,141,7.8,332805,65.39,Japanese,Japan,27.02
M0186,Wild Road,Horror,2011,Rohan Mehta,115,6.1,50500,22.5,English,USA,14.19
M0504,Wild War,Comedy,2011,Sofia Bennett,90,6.7,57059,23.61,English,USA,15.87
M0146,Winter Empire,Action,2011,Liam Walker,149,6.2,19876,144.01,Hindi,India,40.45
M0445,Winter Promise,Comedy,2011,Olivia Parker,97,6.3,25611,45.27,Japanese,Japan,17.81
M0612,American Hearts,Action,2012,Andrew Clark,148,5.6,110507,26.3,English,Canada,40.29
M0342,Broken Stars,Fantasy,2012,James Carter,122,7.9,29324,12.89,English,Canada,5.36
M0358,Burning Hearts,Animation,2012,William Scott,120,6.6,313856,20.54,English,UK,16.68
M0581,City Promise,Mystery,2012,Arjun Malhotra,114,7.2,29036,195.94,English,Australia,39.92
M0262,Echo Fire,Sci-Fi,2012,Vikram Kapoor,107,6.6,108699,96.68,English,UK,31.49
M0402,Electric Fire,Action,2012,Kenji Tanaka,140,7.3,141362,171.92,English,Australia,56.77
M0207,Electric War,Comedy,2012,Mia Anderson,116,6.1,31412,93.6,English,USA,56.6
M0533,Forgotten Kingdom,Drama,2012,Neha Verma,130,7.0,102931,75.16,Hindi,India,16.79
M0027,Golden Destiny,Crime,2012,Aarav Sharma,146,7.0,30769,37.24,English,USA,28.1
M0550,Golden Fire,Crime,2012,Neha Verma,105,6.6,65972,51.96,English,USA,22.13
M0377,Hidden Mission,Drama,2012,Sofia Bennett,100,7.9,20563,155.52,English,Australia,60.88
M0083,Infinite Journey,Horror,2012,Aarav Sharma,110,6.8,69395,319.08,English,Australia,173.9
M0386,Infinite Mission,Drama,2012,Sofia Bennett,152,6.6,125673,114.21,Hindi,India,102.52
M0500,Midnight Empire,Thriller,2012,Thomas Martin,118,7.2,50157,36.84,Korean,South Korea,19.45
M0265,Midnight Escape,Adventure,2012,Pierre Laurent,134,7.1,131172,69.84,English,UK,51.94
M0278,Midnight Journey,Romance,2012,Sofia Bennett,91,7.0,121387,69.07,Korean,South Korea,57.9
M0104,Midnight Night,Romance,2012,Vikram Kapoor,75,6.6,450790,149.83,English,Canada,62.47
M0282,Midnight World,Fantasy,2012,Michael Stone,126,8.1,14263,19.43,Hindi,India,7.78
M0485,Northern Horizon,Action,2012,Vikram Kapoor,92,6.2,52187,29.2,English,Canada,18.18
M0405,Northern Memory,Comedy,2012,Olivia Parker,97,7.8,68216,17.03,English,USA,15.35
M0018,Parallel Truth,Comedy,2012,Lucas Brown,95,6.6,180207,64.74,English,Canada,21.2
M0461,Shadow Mission,Action,2012,Pierre Laurent,113,6.6,82998,43.61,Hindi,India,40.08
M0128,Summer Road,Horror,2012,Emma Collins,93,7.0,68695,41.45,Korean,South Korea,38.92
M0020,Winter House,Drama,2012,Vikram Kapoor,147,7.4,67204,539.29,French,Canada,65.89
M0643,Beyond Storm,Horror,2013,Thomas Martin,88,5.6,173574,36.91,English,Canada,11.31
M0576,Beyond Story,Horror,2013,Thomas Martin,103,7.8,96608,56.12,Japanese,Japan,21.22
M0108,City House,Action,2013,Lucas Brown,113,7.0,48773,43.71,French,Canada,22.62
M0641,Dark Mission,Thriller,2013,Thomas Martin,108,8.0,94052,43.14,German,Germany,35.9
M0486,Dark Road,Comedy,2013,Andrew Clark,130,7.0,80390,227.62,English,Australia,60.38
M0011,Echo Future,Fantasy,2013,Michael Stone,106,8.0,19564,51.72,Spanish,France,23.93
M0098,Echo Game,Thriller,2013,Pierre Laurent,110,6.6,116434,46.41,French,Canada,33.53
M0309,Electric Destiny,Comedy,2013,Daniel Brooks,80,6.3,69979,139.45,English,Australia,13.38
M0460,Electric Horizon,Animation,2013,Vikram Kapoor,95,8.3,107138,76.42,English,USA,33.85
M0313,Electric House,Comedy,2013,William Scott,104,6.8,37038,11.41,English,USA,7.92
M0271,Final Empire,Romance,2013,William Scott,102,7.1,56419,75.33,English,Australia,25.82
M0362,Golden Mission,Horror,2013,Sofia Bennett,90,6.4,294101,40.51,English,USA,23.51
M0248,Golden Stars,Adventure,2013,Liam Walker,130,6.1,12643,20.26,English,Canada,14.38
M0631,Hidden World,Horror,2013,Daniel Brooks,81,6.1,57982,149.16,English,Canada,148.14
M0367,Last War,Romance,2013,Kenji Tanaka,155,6.3,525528,42.89,English,Canada,20.14
M0478,Lost Destiny,Comedy,2013,Mia Anderson,110,7.0,59852,126.95,Korean,South Korea,64.21
M0185,Midnight House,Romance,2013,Arjun Malhotra,123,7.8,128610,24.7,English,UK,7.1
M0242,Northern Hearts,Drama,2013,Neha Verma,101,7.3,113182,402.12,English,Canada,183.37
M0025,Northern Night,Horror,2013,Rohan Mehta,91,6.3,73878,104.17,English,UK,33.23
M0646,Northern Truth,Action,2013,William Scott,106,7.9,23239,80.04,English,USA,24.49
M0310,Ocean Revenge,Comedy,2013,Lucas Brown,82,8.3,59148,55.23,English,Australia,14.39
M0616,Rising Promise,Sci-Fi,2013,Christopher Lee,169,8.0,78433,25.66,English,USA,16.41
M0135,Secret Moon,Thriller,2013,Pierre Laurent,117,5.6,8000,10.68,English,UK,10.97
M0169,Silent Moon,Adventure,2013,Hans Weber,140,7.3,36098,45.64,Hindi,India,45.77
M0338,Summer Hearts,Romance,2013,Arjun Malhotra,133,7.3,544620,27.06,French,France,17.81
M0622,Summer Moon,Action,2013,Hans Weber,142,6.3,8120,73.09,German,Germany,36.83
M0097,Winter Destiny,Crime,2013,Hans Weber,114,7.6,293404,26.03,English,USA,6.0
M0454,American Code,Horror,2014,Robert Hayes,117,6.9,54634,168.48,English,USA,36.88
M0404,American Revenge,Romance,2014,Neha Verma,122,7.3,13167,115.79,Spanish,USA,17.48
M0607,Beyond House,Comedy,2014,Aarav Sharma,85,7.5,218832,137.7,French,Canada,38.71
M0236,Broken Revenge,Drama,2014,Kenji Tanaka,129,7.6,176434,77.45,English,UK,62.67
M0368,Broken Story,Comedy,2014,Yuna Kim,146,7.6,53222,53.11,English,Canada,14.11
M0534,Burning Destiny,Comedy,2014,Andrew Clark,100,5.9,21659,21.45,English,Australia,22.45
M0350,City Story,Drama,2014,Yuna Kim,143,7.6,30229,105.33,Japanese,Japan,29.72
M0348,Dark Journey,Action,2014,Liam Walker,156,5.9,31147,180.24,English,UK,85.53
M0414,Dark Moon,Horror,2014,Arjun Malhotra,75,6.1,16662,48.31,English,UK,58.73
M0223,Final Game,Horror,2014,Daniel Brooks,96,6.5,51790,18.17,French,Canada,7.91
M0290,Final Storm,Crime,2014,John Wilson,126,6.4,20167,37.95,Japanese,Japan,20.2
M0047,Forgotten Stars,Drama,2014,Emma Collins,135,7.6,35587,12.18,Korean,South Korea,4.16
M0163,Golden House,Drama,2014,Robert Hayes,142,8.1,17606,43.95,French,France,38.9
M0442,Hidden Revenge,Action,2014,Thomas Martin,90,6.4,50147,15.76,Korean,South Korea,8.52
M0071,Last Horizon,Adventure,2014,James Carter,124,6.1,14940,76.88,Hindi,India,80.38
M0221,Last Story,Action,2014,Vikram Kapoor,111,5.6,308446,58.66,English,USA,69.15
M0164,Northern Mission,Horror,2014,Aarav Sharma,115,5.7,98316,253.98,English,USA,34.01
M0199,Parallel World,Adventure,2014,Robert Hayes,161,6.3,95227,48.57,Japanese,Japan,49.73
M0295,Rising Moon,Thriller,2014,Neha Verma,109,7.6,196333,81.9,English,Canada,23.45
M0154,Secret Game,Fantasy,2014,Yuna Kim,156,7.2,61169,21.62,Hindi,India,31.2
M0601,Shadow Moon,Drama,2014,Sofia Bennett,131,7.7,182008,38.38,Japanese,Japan,25.95
M0107,Silent Horizon,Action,2014,Kenji Tanaka,109,7.1,294654,33.69,German,Germany,17.69
M0330,Silent Road,Thriller,2014,Robert Hayes,126,6.3,40187,32.06,English,Australia,30.1
M0624,Silver Code,Fantasy,2014,Rohan Mehta,135,5.5,338218,101.99,Spanish,France,24.04
M0355,Silver Hearts,Sci-Fi,2014,Hans Weber,84,7.2,903569,69.54,Spanish,France,37.3
M0333,Summer Destiny,Sci-Fi,2014,James Carter,84,6.7,62135,67.63,English,Canada,37.6
M0130,Wild Gate,Animation,2014,Michael Stone,117,6.5,95896,121.89,Spanish,France,59.07
M0087,Winter Mission,Comedy,2014,Emma Collins,122,6.1,239894,53.35,English,Australia,23.19
M0537,Broken Gate,Animation,2015,Olivia Parker,82,7.0,63926,33.96,English,Australia,16.65
M0136,Broken Moon,Comedy,2015,Olivia Parker,95,5.6,59191,37.51,English,Australia,18.46
M0571,Burning Signal,Adventure,2015,Lucas Brown,138,8.3,318425,27.93,Korean,South Korea,8.3
M0347,Burning Storm,Crime,2015,Andrew Clark,122,7.1,259887,39.12,English,Canada,16.66
M0619,City Destiny,Drama,2015,Lucas Brown,93,7.4,62214,27.79,English,USA,23.26
M0319,Fallen Stars,Action,2015,Christopher Lee,131,7.8,11503,296.79,Japanese,Japan,109.47
M0371,Final Dream,Comedy,2015,Thomas Martin,129,7.4,100790,54.94,English,Canada,22.12
M0544,Final Fire,Comedy,2015,William Scott,93,7.1,116045,41.34,English,Australia,12.2
M0209,Forgotten Fire,Drama,2015,Hans Weber,125,7.9,13449,17.75,English,USA,10.82
M0328,Golden Code,Drama,2015,Andrew Clark,125,7.5,226543,7.81,English,Canada,8.02
M0093,Golden Valley,Comedy,2015,Aarav Sharma,124,5.9,32118,41.61,Hindi,India,10.27
M0335,Lost Gate,Drama,2015,David Miller,138,8.2,58388,25.63,English,Canada,25.52
M0250,Midnight Future,Romance,2015,Christopher Lee,129,6.4,93233,12.55,English,UK,15.67
M0422,Ocean Promise,Romance,2015,Mia Anderson,107,7.7,320165,183.87,Hindi,India,43.47
M0002,Parallel Revenge,Horror,2015,Christopher Lee,97,5.9,95677,301.84,Hindi,India,87.42
M0549,Rising Code,Comedy,2015,Aarav Sharma,85,6.8,44701,37.29,Korean,South Korea,15.66
M0364,Rising Horizon,Action,2015,James Carter,138,7.2,85318,84.59,English,UK,75.49
M0452,Secret Empire,Mystery,2015,Arjun Malhotra,103,7.5,93097,10.35,French,France,14.78
M0541,Shadow Memory,Thriller,2015,Christopher Lee,129,6.6,202578,95.14,Hindi,India,17.19
M0247,Summer Stars,Horror,2015,James Carter,112,6.5,305979,37.21,English,USA,11.72
M0261,Wild Dream,Sci-Fi,2015,Kenji Tanaka,127,8.8,394047,113.2,Korean,South Korea,27.93
M0644,Wild Moon,Sci-Fi,2015,Christopher Lee,149,7.5,87008,51.9,English,Canada,19.11
M0443,Beyond Hearts,Sci-Fi,2016,Thomas Martin,118,7.2,26030,155.39,English,UK,48.38
M0522,Broken Destiny,Horror,2016,James Carter,102,6.8,348289,17.59,Korean,South Korea,11.68
M0183,Burning Escape,Crime,2016,Emma Collins,117,6.2,67916,21.57,English,Australia,20.8
M0238,Burning Game,Action,2016,James Carter,100,5.7,40815,98.16,Spanish,USA,28.61
M0116,Crimson House,Comedy,2016,Rohan Mehta,111,7.8,65374,123.76,English,UK,38.2
M0423,Echo Revenge,Sci-Fi,2016,Sofia Bennett,119,7.6,30274,149.62,English,Canada,31.94
M0376,Final Horizon,Thriller,2016,Andrew Clark,99,6.0,23354,150.07,English,USA,94.82
M0301,Final Valley,Adventure,2016,Mia Anderson,118,7.3,152447,67.0,English,UK,14.57
M0608,Golden Escape,Crime,2016,Andrew Clark,107,7.9,44389,78.3,English,Australia,20.7
M0501,Golden Moon,Action,2016,Christopher Lee,121,6.9,36065,43.54,English,USA,19.72
M0543,Infinite Valley,Comedy,2016,James Carter,89,7.1,87677,41.23,English,UK,16.0
M0158,Lost Game,Mystery,2016,Kenji Tanaka,103,7.4,197578,40.95,English,USA,15.54
M0233,Ocean Stars,Comedy,2016,Pierre Laurent,109,6.3,79631,30.45,English,Canada,17.46
M0450,Rising Valley,Action,2016,Hans Weber,121,6.5,133324,279.08,English,USA,77.14
M0062,Rising War,Horror,2016,Pierre Laurent,104,6.3,647022,13.75,Korean,South Korea,7.98
M0300,Shadow Valley,Animation,2016,John Wilson,100,7.4,44410,56.78,Hindi,India,29.02
M0389,Silent Signal,Drama,2016,Olivia Parker,131,7.1,67887,33.92,Spanish,USA,24.46
M0474,Silent Valley,Animation,2016,Yuna Kim,97,7.5,30243,77.02,English,USA,24.72
M0051,Silver Revenge,Mystery,2016,Mia Anderson,97,6.7,25898,19.09,English,UK,17.51
M0159,Silver Stars,Horror,2016,Thomas Martin,125,6.0,275276,167.75,English,USA,43.27
M0611,Beyond Promise,Crime,2017,Aarav Sharma,116,6.6,49696,137.18,English,USA,35.88
M0566,Beyond Signal,Action,2017,Arjun Malhotra,119,7.0,190609,130.15,English,USA,44.8
M0509,Burning Revenge,Sci-Fi,2017,Robert Hayes,148,6.5,203993,55.61,English,Canada,27.59
M0255,City Hearts,Comedy,2017,Yuna Kim,134,7.1,19492,49.18,Spanish,USA,20.35
M0630,Crimson Destiny,Animation,2017,Thomas Martin,121,8.0,274515,33.11,Hindi,India,8.48
M0595,Electric Empire,Crime,2017,Andrew Clark,75,6.7,70978,111.45,English,UK,43.67
M0168,Electric Moon,Drama,2017,Christopher Lee,106,7.9,302259,204.45,English,UK,52.57
M0210,Fallen Road,Thriller,2017,William Scott,112,6.6,207052,63.09,Korean,South Korea,15.79
M0190,Final Destiny,Drama,2017,Christopher Lee,120,8.2,18442,100.82,English,Australia,41.37
M0468,Golden World,Horror,2017,Daniel Brooks,117,7.9,159106,135.53,English,Canada,19.42
M0201,Last Game,Horror,2017,Sofia Bennett,134,6.5,145697,52.85,Spanish,USA,26.18
M0440,Last Mission,Romance,2017,Hans Weber,145,6.3,12962,40.6,French,Canada,18.13
M0339,Lost Horizon,Adventure,2017,Michael Stone,134,5.9,116450,52.45,Japanese,Japan,81.17
M0013,Midnight Gate,Comedy,2017,Sofia Bennett,100,7.5,33750,21.89,Hindi,India,23.9
M0580,Midnight Kingdom,Sci-Fi,2017,Pierre Laurent,121,7.3,127964,11.27,Spanish,France,2.38
M0214,Northern Legacy,Romance,2017,Olivia Parker,109,7.4,41405,29.62,Spanish,France,21.16
M0034,Ocean Future,Horror,2017,Thomas Martin,81,5.5,161713,128.31,German,Germany,94.66
M0231,Ocean Gate,Adventure,2017,Yuna Kim,146,6.9,134775,82.44,English,USA,76.52
M0195,Parallel Escape,Sci-Fi,2017,Christopher Lee,137,6.2,34131,136.58,English,USA,41.06
M0232,Parallel Road,Adventure,2017,Vikram Kapoor,151,7.1,31743,33.01,English,Canada,7.88
M0633,Parallel War,Romance,2017,Mia Anderson,102,7.0,42335,33.74,English,Australia,32.96
M0277,Secret Dream,Adventure,2017,Lucas Brown,145,7.4,56514,56.55,Spanish,France,21.92
M0374,Secret Future,Drama,2017,Liam Walker,115,8.2,721483,18.54,Hindi,India,8.95
M0427,Shadow Journey,Thriller,2017,Liam Walker,137,7.6,157098,34.46,English,Australia,18.49
M0084,Silent Dream,Fantasy,2017,Emma Collins,159,6.8,53994,120.71,English,USA,24.5
M0061,Summer Promise,Sci-Fi,2017,Olivia Parker,129,7.1,84865,175.13,English,Canada,27.42
M0036,Summer Revenge,Animation,2017,Aarav Sharma,132,6.4,161785,27.38,English,Canada,7.49
M0434,Winter Moon,Romance,2017,Michael Stone,156,7.2,36511,110.04,Korean,South Korea,53.18
M0246,American Destiny,Comedy,2018,Robert Hayes,104,7.1,102317,220.11,English,USA,44.49
M0077,American Dream,Horror,2018,Kenji Tanaka,106,6.5,36152,46.86,German,Germany,30.78
M0429,American Road,Romance,2018,Andrew Clark,90,7.5,28256,37.8,English,UK,28.47
M0184,Beyond Kingdom,Romance,2018,Liam Walker,134,7.0,134059,9.58,English,Australia,4.98
M0360,Beyond Stars,Crime,2018,David Miller,157,6.7,190257,4.71,English,Canada,6.82
M0552,Broken House,Sci-Fi,2018,Thomas Martin,158,7.4,32026,30.63,English,UK,23.29
M0044,Broken Road,Crime,2018,William Scott,87,7.2,97994,235.32,Korean,South Korea,48.57
M0023,Crimson Gate,Drama,2018,Hans Weber,112,8.4,51956,85.13,English,Australia,40.03
M0063,Crimson Promise,Adventure,2018,Daniel Brooks,140,6.9,72986,83.82,English,Canada,35.67
M0479,Electric Revenge,Action,2018,Daniel Brooks,124,6.6,130492,54.56,English,Australia,21.98
M0021,Fallen Game,Adventure,2018,Yuna Kim,105,6.6,16985,143.62,English,UK,74.8
M0274,Hidden Signal,Animation,2018,Lucas Brown,119,8.1,24208,16.88,Spanish,France,12.23
M0032,Infinite Story,Adventure,2018,Christopher Lee,111,7.7,62962,68.44,German,Germany,31.93
M0435,Last Revenge,Comedy,2018,Michael Stone,117,7.8,210671,14.17,Hindi,India,11.88
M0078,Last Truth,Thriller,2018,Aarav Sharma,114,6.5,78572,61.4,Hindi,India,36.8
M0354,Midnight Memory,Drama,2018,Mia Anderson,121,7.8,29761,97.58,Japanese,Japan,31.77
M0281,Parallel Promise,Romance,2018,Arjun Malhotra,132,6.6,80662,369.89,German,Germany,46.17
M0297,Shadow Kingdom,Sci-Fi,2018,Aarav Sharma,156,8.4,10670,75.93,English,Canada,83.79
M0037,Summer Kingdom,Animation,2018,Sofia Bennett,75,7.1,22756,57.41,Hindi,India,24.64
M0055,Beyond Future,Sci-Fi,2019,Thomas Martin,121,7.4,96361,121.51,Japanese,Japan,32.72
M0173,Beyond Night,Animation,2019,Pierre Laurent,144,7.6,43732,59.83,English,UK,25.71
M0143,Broken Escape,Horror,2019,Michael Stone,86,5.7,269792,23.61,English,Canada,6.4
M0112,Broken Hearts,Mystery,2019,Aarav Sharma,102,8.0,82096,282.9,English,Canada,141.25
M0205,Burning Journey,Horror,2019,James Carter,111,5.8,160791,30.02,English,UK,14.9
M0208,Burning Valley,Drama,2019,William Scott,144,7.4,275030,19.84,Hindi,India,9.49
M0574,Crimson Memory,Crime,2019,David Miller,110,8.1,38003,42.31,English,Australia,35.49
M0632,Dark Signal,Comedy,2019,Liam Walker,128,7.6,24509,91.44,German,Germany,29.82
M0150,Electric Mission,Drama,2019,Emma Collins,99,7.8,80832,55.81,English,Canada,50.37
M0547,Final Legacy,Drama,2019,Michael Stone,137,7.8,66502,130.26,English,USA,28.27
M0366,Final World,Crime,2019,Lucas Brown,149,6.2,168823,38.85,Japanese,Japan,8.71
M0188,Infinite Gate,Adventure,2019,James Carter,121,6.4,92993,46.23,English,USA,14.2
M0621,Infinite Promise,Horror,2019,Arjun Malhotra,96,7.0,33496,38.69,English,Australia,31.27
M0001,Lost Night,Sci-Fi,2019,Thomas Martin,143,7.9,55304,32.88,Japanese,Japan,10.94
M0526,Lost War,Horror,2019,Pierre Laurent,86,6.2,9711,7.45,English,UK,5.35
M0059,Ocean Fire,Horror,2019,Andrew Clark,108,5.7,613329,51.43,Spanish,USA,27.42
M0563,Secret Legacy,Fantasy,2019,Robert Hayes,124,6.6,51517,515.15,French,Canada,237.34
M0647,Secret War,Drama,2019,Arjun Malhotra,142,7.2,33397,21.61,Spanish,USA,6.14
M0556,Silent Destiny,Animation,2019,Sofia Bennett,115,6.4,17779,8.8,Hindi,India,15.46
M0591,Silver Horizon,Drama,2019,Lucas Brown,142,7.5,208374,225.35,English,Canada,41.03
M0167,Silver Journey,Romance,2019,Michael Stone,107,7.9,203172,46.15,English,Canada,12.07
M0604,Summer War,Action,2019,Emma Collins,129,7.7,57132,52.62,English,UK,28.02
M0394,Winter Fire,Sci-Fi,2019,Michael Stone,125,7.0,36389,30.0,Korean,South Korea,14.53
M0357,American Game,Horror,2020,James Carter,104,7.5,194185,22.97,English,Australia,15.48
M0052,Beyond World,Animation,2020,Vikram Kapoor,109,7.4,95135,27.5,Spanish,USA,8.71
M0189,Broken Code,Action,2020,Vikram Kapoor,94,6.7,434016,20.37,English,Australia,14.98
M0249,Burning Gate,Romance,2020,Robert Hayes,102,7.9,12547,32.3,Hindi,India,13.32
M0409,Burning Legacy,Thriller,2020,Sofia Bennett,131,7.6,47897,39.98,English,USA,13.06
M0365,Burning Night,Thriller,2020,Sofia Bennett,124,6.9,118965,29.28,English,UK,24.29
M0289,Burning Story,Drama,2020,Daniel Brooks,117,7.3,67567,122.36,English,USA,56.09
M0296,Dark Story,Thriller,2020,Yuna Kim,127,8.2,62229,50.28,German,Germany,15.36
M0264,Electric Dream,Comedy,2020,Hans Weber,97,7.0,31299,66.73,English,Australia,25.21
M0584,Final Promise,Drama,2020,Sofia Bennett,107,7.8,319780,79.1,English,Australia,27.99
M0030,Forgotten Empire,Sci-Fi,2020,Emma Collins,144,6.7,64410,62.88,English,UK,27.46
M0505,Infinite Hearts,Animation,2020,Kenji Tanaka,111,8.8,48126,13.19,Hindi,India,12.0
M0086,Infinite Kingdom,Action,2020,Olivia Parker,141,6.5,122642,51.53,English,Canada,25.35
M0316,Infinite Stars,Animation,2020,Christopher Lee,123,6.3,133711,86.51,English,Australia,63.2
M0322,Lost World,Comedy,2020,Michael Stone,92,6.1,791411,26.08,English,UK,7.22
M0067,Midnight Hearts,Animation,2020,James Carter,91,7.3,165534,14.83,Japanese,Japan,15.59
M0343,Midnight Promise,Mystery,2020,Pierre Laurent,123,7.7,26189,21.31,English,UK,21.54
M0625,Midnight Road,Adventure,2020,Robert Hayes,122,7.6,60057,39.48,English,Canada,13.45
M0467,Parallel Hearts,Adventure,2020,Thomas Martin,123,6.8,78323,37.78,English,USA,17.85
M0180,Rising Empire,Drama,2020,Emma Collins,120,7.2,41162,81.31,English,Australia,45.46
M0449,Secret Gate,Thriller,2020,Emma Collins,90,8.0,315135,131.75,Hindi,India,10.16
M0562,Secret Signal,Action,2020,Robert Hayes,105,8.2,266826,17.83,English,Australia,11.94
M0570,Shadow Revenge,Comedy,2020,Mia Anderson,92,6.6,10596,35.15,English,Australia,15.08
M0349,Wild Night,Romance,2020,Christopher Lee,105,7.5,787875,52.08,English,Australia,20.84
M0215,Winter Memory,Romance,2020,Mia Anderson,107,5.5,89672,34.33,English,Canada,18.91
M0515,American Fire,Action,2021,Arjun Malhotra,97,7.4,21949,117.41,English,Canada,27.6
M0451,Beyond Dream,Romance,2021,Daniel Brooks,101,7.4,102095,17.53,English,Australia,17.39
M0286,Beyond War,Animation,2021,Hans Weber,134,7.4,92370,25.27,English,USA,11.12
M0014,Broken Legacy,Thriller,2021,Sofia Bennett,118,7.1,25241,59.58,English,Australia,61.51
M0602,Broken Promise,Drama,2021,Pierre Laurent,120,7.7,325845,21.3,English,Canada,14.18
M0398,Burning World,Action,2021,Andrew Clark,161,5.9,75425,43.67,Hindi,India,18.39
M0106,City Kingdom,Sci-Fi,2021,James Carter,126,7.1,155496,6.44,Hindi,India,5.13
M0222,City Moon,Comedy,2021,James Carter,98,5.9,39224,31.08,Spanish,USA,20.58
M0396,Crimson Valley,Crime,2021,Robert Hayes,132,6.8,58335,89.96,English,USA,34.29
M0134,Dark Valley,Drama,2021,Hans Weber,100,7.7,231749,13.4,Japanese,Japan,9.62
M0046,Echo War,Comedy,2021,Liam Walker,75,6.8,58352,13.8,English,Canada,8.26
M0149,Electric Kingdom,Comedy,2021,David Miller,117,7.4,41518,19.63,Hindi,India,7.21
M0407,Fallen Signal,Horror,2021,John Wilson,102,5.1,45081,41.52,English,Canada,21.94
M0471,Final Memory,Romance,2021,Yuna Kim,99,6.2,27128,54.67,Spanish,USA,24.76
M0554,Final Signal,Horror,2021,Lucas Brown,96,5.6,34616,21.0,English,Canada,14.69
M0038,Midnight War,Animation,2021,Sofia Bennett,97,7.5,30865,105.47,English,UK,27.41
M0528,Northern House,Animation,2021,Michael Stone,113,6.5,8000,32.0,English,Australia,6.48
M0599,Northern Signal,Crime,2021,Andrew Clark,129,6.7,104557,85.97,English,UK,20.63
M0359,Ocean Game,Thriller,2021,Sofia Bennett,143,7.2,49090,28.6,English,Australia,12.29
M0511,Rising Memory,Action,2021,Vikram Kapoor,133,6.9,39592,16.12,English,Canada,15.37
M0565,Rising Mission,Romance,2021,Pierre Laurent,139,6.0,266137,8.98,Hindi,India,9.4
M0645,Silent Legacy,Horror,2021,James Carter,115,5.3,594211,22.84,Hindi,India,11.12
M0410,Silver Storm,Drama,2021,Neha Verma,153,7.2,104288,196.3,English,UK,73.96
M0408,Summer Night,Adventure,2021,Sofia Bennett,132,8.1,56122,451.21,English,UK,52.88
M0006,Wild Valley,Animation,2021,Sofia Bennett,122,7.5,40497,67.48,English,Canada,16.76
M0080,Winter Journey,Fantasy,2021,Lucas Brown,136,7.4,71994,21.74,English,Canada,6.97
M0638,Winter World,Romance,2021,David Miller,94,6.9,68291,70.23,English,UK,46.62
M0212,American Story,Sci-Fi,2022,Vikram Kapoor,141,8.2,450454,24.85,English,UK,6.21
M0031,City Game,Animation,2022,Andrew Clark,75,7.5,148773,95.93,English,Canada,54.85
M0406,Dark Memory,Comedy,2022,Liam Walker,75,6.4,114330,64.24,English,Canada,20.36
M0100,Final Gate,Mystery,2022,Emma Collins,82,8.0,389180,63.67,Hindi,India,14.21
M0226,Final Night,Adventure,2022,Robert Hayes,142,7.1,41519,35.03,English,Canada,12.92
M0344,Final War,Adventure,2022,Rohan Mehta,83,7.1,158122,192.27,English,UK,55.25
M0176,Forgotten World,Action,2022,Mia Anderson,138,7.2,1581570,220.02,English,USA,65.25
M0579,Golden Storm,Animation,2022,Arjun Malhotra,121,6.2,146661,58.28,Spanish,USA,33.02
M0227,Infinite Escape,Horror,2022,Hans Weber,75,6.7,30361,61.36,English,Australia,38.58
M0525,Last Memory,Drama,2022,James Carter,132,7.5,77918,22.17,Hindi,India,8.74
M0540,Last Night,Action,2022,Emma Collins,106,6.0,130355,4.02,English,Canada,5.46
M0336,Last Promise,Mystery,2022,Yuna Kim,150,8.0,491009,110.42,English,Australia,22.19
M0094,Lost Promise,Crime,2022,David Miller,135,7.3,137516,93.2,Hindi,India,45.11
M0551,Midnight Valley,Animation,2022,James Carter,126,7.3,76235,493.53,Korean,South Korea,77.17
M0129,Northern Dream,Action,2022,Rohan Mehta,122,8.2,214224,76.8,English,Australia,54.99
M0202,Rising Dream,Comedy,2022,Liam Walker,92,7.0,110966,91.12,English,Canada,25.97
M0029,Rising Kingdom,Action,2022,Daniel Brooks,119,6.9,31714,52.77,English,UK,34.97
M0518,Rising Signal,Sci-Fi,2022,Olivia Parker,124,7.2,90315,84.48,Korean,South Korea,20.56
M0536,Secret Memory,Action,2022,John Wilson,121,6.4,23119,47.21,Hindi,India,16.64
M0217,Secret Road,Romance,2022,Emma Collins,106,6.9,38262,47.33,English,USA,39.98
M0280,Secret Truth,Drama,2022,Olivia Parker,171,7.2,71176,227.71,Spanish,France,82.18
M0439,Shadow Promise,Action,2022,Olivia Parker,133,7.7,373028,13.71,English,Canada,18.67
M0016,Silent Truth,Action,2022,Liam Walker,127,8.0,157884,550.13,German,Germany,134.33
M0448,Silver Empire,Comedy,2022,Vikram Kapoor,109,7.6,168753,34.37,Spanish,France,21.79
M0346,Silver Road,Romance,2022,Hans Weber,134,7.8,129763,9.59,French,France,4.63
M0206,Summer Horizon,Romance,2022,Vikram Kapoor,126,7.4,10681,36.04,French,France,26.49
M0024,Wild Truth,Romance,2022,James Carter,90,6.7,31641,58.34,Hindi,India,35.05
M0596,Winter Hearts,Drama,2022,Yuna Kim,125,8.0,45232,111.67,Hindi,India,13.16
M0592,Winter Stars,Thriller,2022,Olivia Parker,113,7.5,42151,75.67,English,UK,30.54
M0054,City Gate,Crime,2023,John Wilson,102,8.0,36820,93.23,English,USA,13.41
M0109,City Night,Drama,2023,Kenji Tanaka,125,7.7,30603,66.05,English,UK,20.72
M0191,Echo Hearts,Thriller,2023,Emma Collins,132,7.1,34304,20.44,Hindi,India,15.39
M0421,Infinite Legacy,Comedy,2023,Sofia Bennett,90,5.8,117005,123.5,English,Canada,53.05
M0392,Last House,Comedy,2023,Yuna Kim,89,5.7,64283,101.35,English,UK,23.0
M0558,Last Road,Romance,2023,James Carter,81,6.3,256925,32.11,English,Australia,23.2
M0285,Last Valley,Thriller,2023,Olivia Parker,131,6.5,61728,73.78,Hindi,India,38.43
M0040,Last World,Horror,2023,William Scott,107,6.4,119037,39.44,English,Australia,25.29
M0162,Midnight Dream,Animation,2023,Kenji Tanaka,83,6.8,128973,13.77,English,Canada,5.9
M0428,Parallel Night,Action,2023,Vikram Kapoor,156,7.3,53897,17.84,English,Canada,14.87
M0416,Parallel Stars,Thriller,2023,Kenji Tanaka,119,7.1,14453,129.05,Korean,South Korea,32.34
M0614,Silent House,Sci-Fi,2023,Daniel Brooks,113,6.3,91636,80.13,English,Canada,53.35
M0160,Silver Fire,Comedy,2023,Pierre Laurent,75,6.9,40909,183.04,English,Canada,38.95
M0060,Summer Game,Comedy,2023,Yuna Kim,133,6.8,32970,9.26,English,USA,8.12
M0198,Summer Gate,Comedy,2023,James Carter,99,6.0,159635,110.68,English,USA,44.53
M0477,Wild Code,Action,2023,Thomas Martin,129,6.8,90729,26.7,English,USA,16.69
M0401,Wild Legacy,Adventure,2023,Olivia Parker,104,6.5,32019,18.98,English,UK,17.31
M0388,Wild Promise,Drama,2023,Emma Collins,154,8.0,51547,34.09,English,UK,6.68
M0126,Winter Signal,Animation,2023,David Miller,80,6.0,51775,105.74,English,USA,32.81
M0298,American Valley,Action,2024,James Carter,130,7.3,217031,6.18,English,USA,9.29
M0418,Burning Dream,Drama,2024,Liam Walker,136,6.8,32697,100.33,Japanese,Japan,59.35
M0539,Burning Truth,Drama,2024,Aarav Sharma,129,7.2,65444,150.32,French,France,100.15
M0637,City Dream,Action,2024,James Carter,106,6.1,56947,89.48,English,Australia,43.46
M0019,City Signal,Comedy,2024,Emma Collins,115,7.2,749180,149.34,English,UK,68.44
M0241,Crimson Journey,Action,2024,Andrew Clark,80,7.4,817228,62.32,English,UK,39.66
M0351,Crimson Mission,Mystery,2024,Daniel Brooks,99,7.9,309693,417.18,Hindi,India,78.59
M0561,Dark Revenge,Thriller,2024,James Carter,128,7.5,161882,98.36,English,Canada,26.94
M0288,Dark Stars,Crime,2024,Vikram Kapoor,123,6.3,55337,34.95,English,USA,18.28
M0117,Echo Moon,Crime,2024,William Scott,125,7.3,251262,46.55,English,Canada,27.72
M0324,Fallen Mission,Sci-Fi,2024,Lucas Brown,105,7.4,93195,110.62,English,Australia,22.77
M0380,Golden Dream,Action,2024,James Carter,111,7.0,287499,57.36,English,USA,21.13
M0194,Golden Game,Drama,2024,Lucas Brown,145,8.9,193970,123.71,French,France,23.72
M0148,Last Destiny,Action,2024,David Miller,119,7.1,8000,41.38,Hindi,India,23.14
M0111,Last Kingdom,Crime,2024,Olivia Parker,130,6.1,75210,23.39,Japanese,Japan,10.78
M0462,Northern Journey,Action,2024,Yuna Kim,119,6.1,155935,11.58,Korean,South Korea,18.25
M0260,Ocean Escape,Action,2024,Sofia Bennett,165,6.6,16096,69.33,English,Australia,17.09
M0433,Ocean World,Action,2024,Thomas Martin,128,6.7,161600,31.31,Hindi,India,14.88
M0535,Parallel Game,Sci-Fi,2024,Michael Stone,143,7.0,30478,9.97,English,Australia,6.01
M0118,Rising Night,Drama,2024,Andrew Clark,125,7.2,204715,21.75,English,Canada,11.69
M0463,Shadow Dream,Romance,2024,William Scott,130,7.8,21399,108.93,Hindi,India,18.12
M0151,Silent Hearts,Comedy,2024,Arjun Malhotra,131,7.5,13105,61.06,English,UK,27.99
M0635,Silver Dream,Romance,2024,Daniel Brooks,109,6.8,39702,294.98,German,Germany,86.02
M0196,Wild Empire,Romance,2024,John Wilson,118,6.7,304130,78.8,Spanish,France,37.07
M0586,Winter Kingdom,Animation,2024,Pierre Laurent,100,8.1,106939,2.59,English,UK,3.82
M0066,American Horizon,Comedy,2025,Aarav Sharma,136,6.1,46526,26.52,English,UK,15.1
M0079,Beyond Road,Crime,2025,Sofia Bennett,102,7.2,57758,73.1,Hindi,India,42.73
M0293,Burning War,Horror,2025,Lucas Brown,129,5.8,128824,8.52,Hindi,India,7.51
M0412,City Valley,Drama,2025,Thomas Martin,141,6.8,65902,12.06,English,UK,9.04
M0253,Crimson Legacy,Sci-Fi,2025,David Miller,133,7.7,56182,23.1,Korean,South Korea,9.24
M0234,Echo Signal,Crime,2025,Olivia Parker,101,6.9,61081,194.04,English,Australia,46.06
M0323,Final Hearts,Comedy,2025,Pierre Laurent,89,7.2,210935,118.29,English,Canada,10.13
M0305,Final House,Action,2025,Thomas Martin,118,6.2,34753,67.64,English,USA,35.54
M0530,Hidden Journey,Action,2025,John Wilson,133,7.3,127690,46.28,Hindi,India,35.22
M0228,Infinite Truth,Action,2025,Michael Stone,98,7.4,110357,57.63,Hindi,India,24.63
M0174,Last Escape,Drama,2025,Michael Stone,135,7.0,45177,26.98,Hindi,India,20.44
M0481,Lost House,Adventure,2025,Olivia Parker,136,6.7,295793,176.73,German,Germany,23.27
M0005,Lost Stars,Drama,2025,Aarav Sharma,140,8.0,93314,66.34,Spanish,USA,62.53
M0053,Northern Game,Adventure,2025,Lucas Brown,118,7.1,60293,9.63,Hindi,India,25.74
M0317,Northern War,Adventure,2025,Emma Collins,132,7.8,116598,112.04,English,USA,32.84
M0424,Secret Escape,Comedy,2025,Rohan Mehta,75,6.5,35606,20.77,English,UK,18.26
M0007,Secret Storm,Action,2025,Lucas Brown,121,6.8,56888,15.08,Hindi,India,14.63
M0593,Summer Code,Animation,2025,Lucas Brown,110,7.8,251147,667.73,English,Canada,215.36
M0022,Summer Escape,Animation,2025,Pierre Laurent,91,7.7,143731,9.19,English,USA,3.63
M0379,Summer Signal,Romance,2025,James Carter,92,7.5,275214,58.86,English,USA,38.73
M0417,Wild Destiny,Adventure,2025,Sofia Bennett,126,6.4,109683,67.51,English,Canada,101.06
M0090,Wild Kingdom,Sci-Fi,2025,Yuna Kim,113,7.3,27014,21.48,English,UK,18.49
M0513,Winter Legacy,Action,2025,Vikram Kapoor,137,7.5,395636,34.31,English,Australia,13.81
